{
  "configVersion": 1,
  "timestamp": 1642130882021,
  "index": "/index.html",
  "assetGroups": [
    {
      "name": "app",
      "installMode": "prefetch",
      "updateMode": "prefetch",
      "cacheQueryOptions": {
        "ignoreVary": true
      },
      "urls": [
        "/common.js",
        "/default-node_modules_angular_material___ivy_ngcc___fesm2015_button_js.js",
        "/index.html",
        "/main.js",
        "/manifest.webmanifest",
        "/node_modules_ionic_core_dist_esm_focus-visible-f4ad4f1a_js.js",
        "/node_modules_ionic_core_dist_esm_input-shims-73f15161_js.js",
        "/node_modules_ionic_core_dist_esm_ion-action-sheet_entry_js.js",
        "/node_modules_ionic_core_dist_esm_ion-alert_entry_js.js",
        "/node_modules_ionic_core_dist_esm_ion-app_8_entry_js.js",
        "/node_modules_ionic_core_dist_esm_ion-avatar_3_entry_js.js",
        "/node_modules_ionic_core_dist_esm_ion-back-button_entry_js.js",
        "/node_modules_ionic_core_dist_esm_ion-backdrop_entry_js.js",
        "/node_modules_ionic_core_dist_esm_ion-button_2_entry_js.js",
        "/node_modules_ionic_core_dist_esm_ion-card_5_entry_js.js",
        "/node_modules_ionic_core_dist_esm_ion-checkbox_entry_js.js",
        "/node_modules_ionic_core_dist_esm_ion-chip_entry_js.js",
        "/node_modules_ionic_core_dist_esm_ion-col_3_entry_js.js",
        "/node_modules_ionic_core_dist_esm_ion-datetime_3_entry_js.js",
        "/node_modules_ionic_core_dist_esm_ion-fab_3_entry_js.js",
        "/node_modules_ionic_core_dist_esm_ion-img_entry_js.js",
        "/node_modules_ionic_core_dist_esm_ion-infinite-scroll_2_entry_js.js",
        "/node_modules_ionic_core_dist_esm_ion-input_entry_js.js",
        "/node_modules_ionic_core_dist_esm_ion-item-option_3_entry_js.js",
        "/node_modules_ionic_core_dist_esm_ion-item_8_entry_js.js",
        "/node_modules_ionic_core_dist_esm_ion-loading_entry_js.js",
        "/node_modules_ionic_core_dist_esm_ion-menu_3_entry_js.js",
        "/node_modules_ionic_core_dist_esm_ion-modal_entry_js.js",
        "/node_modules_ionic_core_dist_esm_ion-nav_2_entry_js.js",
        "/node_modules_ionic_core_dist_esm_ion-popover_entry_js.js",
        "/node_modules_ionic_core_dist_esm_ion-progress-bar_entry_js.js",
        "/node_modules_ionic_core_dist_esm_ion-radio_2_entry_js.js",
        "/node_modules_ionic_core_dist_esm_ion-range_entry_js.js",
        "/node_modules_ionic_core_dist_esm_ion-refresher_2_entry_js.js",
        "/node_modules_ionic_core_dist_esm_ion-reorder_2_entry_js.js",
        "/node_modules_ionic_core_dist_esm_ion-ripple-effect_entry_js.js",
        "/node_modules_ionic_core_dist_esm_ion-route_4_entry_js.js",
        "/node_modules_ionic_core_dist_esm_ion-searchbar_entry_js.js",
        "/node_modules_ionic_core_dist_esm_ion-segment_2_entry_js.js",
        "/node_modules_ionic_core_dist_esm_ion-select_3_entry_js.js",
        "/node_modules_ionic_core_dist_esm_ion-slide_2_entry_js.js",
        "/node_modules_ionic_core_dist_esm_ion-spinner_entry_js.js",
        "/node_modules_ionic_core_dist_esm_ion-split-pane_entry_js.js",
        "/node_modules_ionic_core_dist_esm_ion-tab-bar_2_entry_js.js",
        "/node_modules_ionic_core_dist_esm_ion-tab_2_entry_js.js",
        "/node_modules_ionic_core_dist_esm_ion-text_entry_js.js",
        "/node_modules_ionic_core_dist_esm_ion-textarea_entry_js.js",
        "/node_modules_ionic_core_dist_esm_ion-toast_entry_js.js",
        "/node_modules_ionic_core_dist_esm_ion-toggle_entry_js.js",
        "/node_modules_ionic_core_dist_esm_ion-virtual-scroll_entry_js.js",
        "/node_modules_ionic_core_dist_esm_keyboard-5742b5da_js.js",
        "/node_modules_ionic_core_dist_esm_shadow-css-a3f00b33_js.js",
        "/node_modules_ionic_core_dist_esm_status-tap-5c3a5bca_js.js",
        "/node_modules_ionic_core_dist_esm_swipe-back-fae97365_js.js",
        "/node_modules_ionic_core_dist_esm_swiper_bundle-6c5e7804_js.js",
        "/node_modules_ionic_core_dist_esm_tap-click-cc1ae2b2_js.js",
        "/polyfills-core-js.js",
        "/polyfills-css-shim.js",
        "/polyfills-dom.js",
        "/polyfills.js",
        "/runtime.js",
        "/src_app_belum-daftar_belum-daftar_module_ts.js",
        "/src_app_daftar-ibadah-qr_daftar-ibadah-qr_module_ts.js",
        "/src_app_generated-qr-events_generated-qr-events_module_ts.js",
        "/src_app_generated-qr_generated-qr_module_ts.js",
        "/src_app_home_home_module_ts.js",
        "/src_app_pernah-daftar_pernah-daftar_module_ts.js",
        "/src_app_upload-photo_upload-photo_module_ts.js",
        "/src_app_verif-events_verif-events_module_ts.js",
        "/src_app_verif-page_verif-page_module_ts.js",
        "/src_app_welcome_welcome_module_ts.js",
        "/styles.css",
        "/vendor.js"
      ],
      "patterns": []
    },
    {
      "name": "assets",
      "installMode": "lazy",
      "updateMode": "prefetch",
      "cacheQueryOptions": {
        "ignoreVary": true
      },
      "urls": [
        "/assets/icon/favicon.png",
        "/assets/icons/icon-128x128.png",
        "/assets/icons/icon-144x144.png",
        "/assets/icons/icon-152x152.png",
        "/assets/icons/icon-192x192.png",
        "/assets/icons/icon-384x384.png",
        "/assets/icons/icon-512x512.png",
        "/assets/icons/icon-72x72.png",
        "/assets/icons/icon-96x96.png",
        "/assets/shapes.svg"
      ],
      "patterns": []
    }
  ],
  "dataGroups": [],
  "hashTable": {
    "/assets/icon/favicon.png": "7798b8e0eb61d7375c245af78bbf5c916932bf13",
    "/assets/icons/icon-128x128.png": "dae3b6ed49bdaf4327b92531d4b5b4a5d30c7532",
    "/assets/icons/icon-144x144.png": "b0bd89982e08f9bd2b642928f5391915b74799a7",
    "/assets/icons/icon-152x152.png": "7479a9477815dfd9668d60f8b3b2fba709b91310",
    "/assets/icons/icon-192x192.png": "1abd80d431a237a853ce38147d8c63752f10933b",
    "/assets/icons/icon-384x384.png": "329749cd6393768d3131ed6304c136b1ca05f2fd",
    "/assets/icons/icon-512x512.png": "559d9c4318b45a1f2b10596bbb4c960fe521dbcc",
    "/assets/icons/icon-72x72.png": "c457e56089a36952cd67156f9996bc4ce54a5ed9",
    "/assets/icons/icon-96x96.png": "3914125a4b445bf111c5627875fc190f560daa41",
    "/assets/shapes.svg": "5413e95adabcb2cb639970051f55e0ddb64ace53",
    "/common.js": "f9a0569da4e2366c20153c28aa205da618fbc349",
    "/default-node_modules_angular_material___ivy_ngcc___fesm2015_button_js.js": "98ba0b669b14b5a8eb01fdece371e27210203587",
    "/index.html": "68206e9263ae30c5a10aa4c5650ec73bc6408f35",
    "/main.js": "bd6be3db614e427505173458fdbc7619c853a2c0",
    "/manifest.webmanifest": "9a088b7c4339228d1082e666ce105dc889bc180c",
    "/node_modules_ionic_core_dist_esm_focus-visible-f4ad4f1a_js.js": "5e3efb6775e256151296b32465eb8e21035e988a",
    "/node_modules_ionic_core_dist_esm_input-shims-73f15161_js.js": "a538eb65259c881f3c81c6fe44fed64a3c29d45f",
    "/node_modules_ionic_core_dist_esm_ion-action-sheet_entry_js.js": "9c9d38306170a0f3782761226e182d915c550f49",
    "/node_modules_ionic_core_dist_esm_ion-alert_entry_js.js": "dce31d720202e9df6c3364b2c06deaa8879a9a06",
    "/node_modules_ionic_core_dist_esm_ion-app_8_entry_js.js": "67c594cdf35a7ccd92d6d04a3422c47699319713",
    "/node_modules_ionic_core_dist_esm_ion-avatar_3_entry_js.js": "10af6762a6aaf88577b8b68ed990b99b1cb5b633",
    "/node_modules_ionic_core_dist_esm_ion-back-button_entry_js.js": "5a37cfe53e3f1bc9e37c1174aa8051404ff90ad7",
    "/node_modules_ionic_core_dist_esm_ion-backdrop_entry_js.js": "a306cb39fc82d2136a6e0a972681117ac57fad0c",
    "/node_modules_ionic_core_dist_esm_ion-button_2_entry_js.js": "e46c4547ef630f699c10088cece8efe2d7299ba9",
    "/node_modules_ionic_core_dist_esm_ion-card_5_entry_js.js": "e6f28a301eb72c5c15e28a885d72d70e1e8211c9",
    "/node_modules_ionic_core_dist_esm_ion-checkbox_entry_js.js": "2ac151061fa15b7eada02d0872f4b894b274bb50",
    "/node_modules_ionic_core_dist_esm_ion-chip_entry_js.js": "fd671c4673afdbcd402ee40c16ac1a87e34d42ec",
    "/node_modules_ionic_core_dist_esm_ion-col_3_entry_js.js": "a64a479f7e0a0f947dcab7e5d3ee9a417ed8d33c",
    "/node_modules_ionic_core_dist_esm_ion-datetime_3_entry_js.js": "b3bd2acebed58cbd9de82f3066e67935eff20e6d",
    "/node_modules_ionic_core_dist_esm_ion-fab_3_entry_js.js": "7c3d19c056ed393d4026486352a7aca6d453391e",
    "/node_modules_ionic_core_dist_esm_ion-img_entry_js.js": "cbd53bf7009e0768bd5423df0aa873e65e255d49",
    "/node_modules_ionic_core_dist_esm_ion-infinite-scroll_2_entry_js.js": "f2fa98aff37c850883d325a444ea94ac901d3820",
    "/node_modules_ionic_core_dist_esm_ion-input_entry_js.js": "bc2c8893b1a1a86ea2a2d7bb1d89c76826e5c220",
    "/node_modules_ionic_core_dist_esm_ion-item-option_3_entry_js.js": "b400baa87154351ca45df1235dad83915e875423",
    "/node_modules_ionic_core_dist_esm_ion-item_8_entry_js.js": "258506f49adf078832bde95d3e34c9e700ed5c32",
    "/node_modules_ionic_core_dist_esm_ion-loading_entry_js.js": "bacb66151d37b0cafc8da36b92fe471a7fec0893",
    "/node_modules_ionic_core_dist_esm_ion-menu_3_entry_js.js": "a1ba623debe112aa1d4d6a5e80604a04157c7b07",
    "/node_modules_ionic_core_dist_esm_ion-modal_entry_js.js": "1daafd412a4e21d9bada814a1a0f36524700d078",
    "/node_modules_ionic_core_dist_esm_ion-nav_2_entry_js.js": "57790dbe1618e2e5902577b79c6dd561a6d32348",
    "/node_modules_ionic_core_dist_esm_ion-popover_entry_js.js": "9fbc29a167248f60a2f6093e29999ab4ec162b84",
    "/node_modules_ionic_core_dist_esm_ion-progress-bar_entry_js.js": "275d706e7adca6b3bc50dff14d8dc965684cd5ea",
    "/node_modules_ionic_core_dist_esm_ion-radio_2_entry_js.js": "71619124c4257bd5c3a04f48234718cf3368b184",
    "/node_modules_ionic_core_dist_esm_ion-range_entry_js.js": "eb97ffe9f52098c73dd20cfca1a05ddaa538c597",
    "/node_modules_ionic_core_dist_esm_ion-refresher_2_entry_js.js": "3a272eb6212c86a6d5b84b88ebb88e4900bc1d0d",
    "/node_modules_ionic_core_dist_esm_ion-reorder_2_entry_js.js": "c6a39b63696e9b67bf2972386101aa40d74daa56",
    "/node_modules_ionic_core_dist_esm_ion-ripple-effect_entry_js.js": "20992c984bb52ad8b565a2e1ea0e05148ba3195b",
    "/node_modules_ionic_core_dist_esm_ion-route_4_entry_js.js": "804b0c0ddb878be29bdd328ee05890cc0c315c03",
    "/node_modules_ionic_core_dist_esm_ion-searchbar_entry_js.js": "91ba1100cda7a5e16e76164355a1ee6b025997d0",
    "/node_modules_ionic_core_dist_esm_ion-segment_2_entry_js.js": "a08c7d44755b50f162efa4d59154e4fb54df49e1",
    "/node_modules_ionic_core_dist_esm_ion-select_3_entry_js.js": "d6627e7dda5e5879828743a43d87f0b1f6a78d4e",
    "/node_modules_ionic_core_dist_esm_ion-slide_2_entry_js.js": "4e2de9146c37ca8cf2bef44c7f1b70f5e9be2a2a",
    "/node_modules_ionic_core_dist_esm_ion-spinner_entry_js.js": "3f9014d2c905838dab3d4d87e68d6ce91e88a648",
    "/node_modules_ionic_core_dist_esm_ion-split-pane_entry_js.js": "472017dc05928517dc597027a5586aec1f8c109d",
    "/node_modules_ionic_core_dist_esm_ion-tab-bar_2_entry_js.js": "349452dc560fba58fa9140efb4978df4d8ef617a",
    "/node_modules_ionic_core_dist_esm_ion-tab_2_entry_js.js": "fc9fbebe2da40bfc49ebce621a98a35b85b94ed8",
    "/node_modules_ionic_core_dist_esm_ion-text_entry_js.js": "4989d3775f0cfcd564a8012f7466807a0e444406",
    "/node_modules_ionic_core_dist_esm_ion-textarea_entry_js.js": "eff647b1af5b5f818cd99472f00dac657cbe19c4",
    "/node_modules_ionic_core_dist_esm_ion-toast_entry_js.js": "aebd8a0c3cf03c399fd6d77d4e9db984b785dd3b",
    "/node_modules_ionic_core_dist_esm_ion-toggle_entry_js.js": "2dcee9c26e7716546eec9eeb17f88a2db2bc7cc5",
    "/node_modules_ionic_core_dist_esm_ion-virtual-scroll_entry_js.js": "df20abba10cf76075aebe91318cb601d8f35c515",
    "/node_modules_ionic_core_dist_esm_keyboard-5742b5da_js.js": "580d29ef0cb291c0d91cee90a0f7b525401de89e",
    "/node_modules_ionic_core_dist_esm_shadow-css-a3f00b33_js.js": "8d9f682fddfe75dac15827228af51e1256fa321f",
    "/node_modules_ionic_core_dist_esm_status-tap-5c3a5bca_js.js": "64b7e6423a6a3630833855084d78853f4e0127ad",
    "/node_modules_ionic_core_dist_esm_swipe-back-fae97365_js.js": "3a771d7caba44892ba54bf7d0df667663fbf1715",
    "/node_modules_ionic_core_dist_esm_swiper_bundle-6c5e7804_js.js": "ea0ed7bd1ab639f860e615d89e44a925491cfc4e",
    "/node_modules_ionic_core_dist_esm_tap-click-cc1ae2b2_js.js": "6b5303e263b6a3d04dbbb8f06d4a2ab5548d8526",
    "/polyfills-core-js.js": "33b18b37220a85af776ce3946348d7dbe1a236db",
    "/polyfills-css-shim.js": "c206a8705bef6393bd6bae2f137d5fc0bf2ee24f",
    "/polyfills-dom.js": "e9d10cdb6ad089aacbd6f39b05896d5b1597b01e",
    "/polyfills.js": "0a832ecfb23268ee9db78ac95ca2d1593d901aa0",
    "/runtime.js": "aba22a3c601f9039a5cb33714bc236503bbcb167",
    "/src_app_belum-daftar_belum-daftar_module_ts.js": "207b4b53f99d9cd174e7caf8a58546abb9826472",
    "/src_app_daftar-ibadah-qr_daftar-ibadah-qr_module_ts.js": "58a980aa52bafe6c665770a0b4cc66058fd598fe",
    "/src_app_generated-qr-events_generated-qr-events_module_ts.js": "084de3096b40d0a1f0a2a668f9dcafa3430f8ad0",
    "/src_app_generated-qr_generated-qr_module_ts.js": "a2f3fec64c8ef45d2546df397275c838f141d48f",
    "/src_app_home_home_module_ts.js": "de3fa9f98d6041af456cb27bae223f679feefd19",
    "/src_app_pernah-daftar_pernah-daftar_module_ts.js": "d1d879c73f7df9b007b09f14228569601e0a44f1",
    "/src_app_upload-photo_upload-photo_module_ts.js": "5faebdadd9553dc99dd14ad12083af6d54f16fe7",
    "/src_app_verif-events_verif-events_module_ts.js": "3d816b0b682948443099472530df009b38c30597",
    "/src_app_verif-page_verif-page_module_ts.js": "7c419402fd9486f8a1ac63c6fd587359b42d20d3",
    "/src_app_welcome_welcome_module_ts.js": "175e43704b63329dd17d083e48afd3deea75a08e",
    "/styles.css": "9794080578c0de56f3d278854d480c1aa219765a",
    "/vendor.js": "d73e8c6ab449f1acfef6200ef624962b375e7fa1"
  },
  "navigationUrls": [
    {
      "positive": true,
      "regex": "^\\/.*$"
    },
    {
      "positive": false,
      "regex": "^\\/(?:.+\\/)?[^/]*\\.[^/]*$"
    },
    {
      "positive": false,
      "regex": "^\\/(?:.+\\/)?[^/]*__[^/]*$"
    },
    {
      "positive": false,
      "regex": "^\\/(?:.+\\/)?[^/]*__[^/]*\\/.*$"
    }
  ],
  "navigationRequestStrategy": "performance"
}